metric,count,mean,std,min,25%,50%,75%,max
confidencegoodprompt,23.0,0.5770922702652174,0.39362116528164454,0.0,0.0,0.7672692015,0.8650407719,0.899225095
confidencebadprompt,23.0,0.17346909893478263,0.269822477569291,0.0,0.0,0.0,0.50370880155,0.6550691651
confidencegoodfile,23.0,0.16403246550000003,0.3185571520191258,0.0,0.0,0.0,0.0,0.7903228151
confidencebadfile,23.0,0.30876495585652175,0.3846418435492995,0.0,0.0,0.0,0.6263550273,1.0
